Order,Film name,The 1st day of release <10 thousand>,The 2nd day of release,The 3rd day of release,The 4th day of release,The 5th day of release,The 6th day of release,The 7th day of release,The 8th day of release,The 9th day of release,The 10th day of release,The 11th day of release,The 12th day of release,The 13th day of release,The 14th day of release,The 15th day of release,The 16th day of release,The 17th day of release,The 18th day of release,The 19th day of release,The 20th day of release,The 21th day of release,The 22th day of release,The 23th day of release,The 24th day of release,The 25th day of release,The 26th day of release,The 27th day of release,The 28th day of release,The 29th day of release,The 30th day of release,The 31th day of release,The 32th day of release,The 33th day of release,The 34th day of release,The 35th day of release,The 36th day of release,The 37th day of release,The 38th day of release,The 39th day of release
1,The Shawshank Redemption,2000,1834.8,1903.5,1783.5,1678.5,1436.5,1763.4,1368.9,1203.4,1123.5,984.5,874.6,798.5,864.6,698.1,593.5,567.4,498.5,412.5,384.4,234.7,434.6,374.5,274.5,123.5,294.6,485,461.5,324.5,293.4,187.5,98.5,87.4,76.5,65.4,56.4,49.9,39.9,28.7
2,Farewell to My Concubine,2300,1760.4,1543.6,1290.8,1890.4,1080.2,963.2,869.6,1458.5,780.4,967.3,674.5,768.4,597.6,439.7,670.9,345.7,219.5,165.3,134.9,90.8,87.4,78.4,69.4,62.3,70.5,64.5,57.4,59.4,46.5,45.2,42.3,41.2,39.8,37.7,35.4,32.2,29.8,26.4
3,Forrest Gump,17900.9,17847.3,17137.5,16584.5,13845.7,13764.6,12948.5,11274.5,9846.3,12634.5,6847.5,6783.4,6482.4,6038,5483.5,4890.5,3847.6,2984.5,2837.5,2194.5,1839.5,1598.4,1290.5,998.4,867.9,798.4,598.8,679.3,590.5,487.4,289.5,196.7,123.9,98.6,56.6,57.4,23.9,19.9,12.4
4,Titanic,6384.5,7352.3,7128.4,3892.4,3982.4,1784.3,4563.5,8473.5,8532.1,7473.8,6102.4,6128.4,6493.5,8352.4,8367.4,8432.5,6749.5,3261.4,3274.9,3009.5,2986.4,5673.5,7236.5,1874.5,1738.5,1637.5,1637.7,1537.6,1463.7,1546.5,1245.6,1123.6,983.7,983.4,876.4,763.4,734.2,563.4,876.5
5,L¨¦on ,8973.4,7654.5,6789.4,7906.8,5674.5,4673.6,3908.6,2897.7,2376.9,1986,1876.3,1654.8,1526.3,1435.8,1378.4,1235.4,1129.4,1098.3,1234.3,980.6,876.4,768.5,876.4,674.5,765.3,534.2,673.6,543.2,487.2,345.2,276.4,312.6,187.5,176.4,135.4,125.3,98.9,67.4,58.9
6,La vita ¨¨ bella,12389.4,11982.4,10029.2,9864.5,8904.3,9983.4,7984.5,6897.5,8374.5,5647.9,7847.4,4683.8,3984.5,2639.4,2436.6,2193.7,1983.6,1839.4,1564.4,1763.5,1354.2,1273.5,1134.8,1028.4,984.5,876.9,784.5,653.9,567.4,498.5,384.9,546.6,459.5,398.5,234.6,198.7,123.5,98.9,76.4
7,Spirited Away,98.5,109.8,97.6,18,19.8,19,19.7,89.9,134.9,128.7,19.3,19.4,19.6,95.4,156.3,123.2,23.2,22.8,21.3,20.9,93.7,178.9,165.3,86.4,18.7,19.3,20.3,67.4,78.3,73.2,12.4,13.4,9.8,8.7,16.5,19.8,6.3,5.7,4.9
8,Schindler's List ,90.9,87.4,97.4,132.2,133.4,88.4,88.5,88.9,89.5,98.5,287.9,289.4,276.3,265.4,278.2,267.1,304.2,295.4,145.3,136.4,130.4,314.9,578.4,539.2,178.3,176.9,173.5,172.5,356.6,598.5,587.6,125.5,118.9,587.4,1067.5,784.3,126.3,124.3,109.3
9,Interstellar,967.5,560.7,11294.9,12366.4,8947.5,3564.6,3648.8,1896.7,1768.4,4356.4,7890.6,4198.7,1589.5,1698.3,1499.6,1364.7,2986.5,4487.6,3120.5,1296.4,1605,2439.5,2387.4,4897.5,4765.3,2287.5,568.9,743.8,588.6,607.5,1437.8,2184.6,1389.4,432.5,539.1,457.7,1037.5,1764.5,1048.8
10,Inception,15843.5,15889.5,14983.9,7938.5,6895.7,6748.5,9847.5,12395.6,9384.6,4565.6,4438.4,5684.8,7498.6,5674.8,3293.5,3192.4,2983.5,2874.5,4192.4,6134.5,1738.5,1674.6,1584.3,1574.9,1495.6,1698.9,1483.7,1395.6,1294.9,1148.8,1028.6,984.6,967.6,876.9,765.6,674.9,874.9,736.9,536.5
11,The Truman Show,22345.6,14634.3,8574.8,6049.5,4573.5,2354.8,1563.9,1406.9,1385.4,1284.7,1184.5,1284.8,983.5,1028.7,983.6,874.5,799.4,698.4,598.4,489.4,490.4,491.4,492.4,385.6,386.6,387.6,388.6,389.6,289.6,278.6,238.9,198.6,178.5,169.5,143.7,178.4,119.5,98.6,87.8
12,Hachi: A Dog's Tale,1475,1389.9,987.7,737.4,439.6,219.9,198.6,199.6,200.6,201.6,187.6,178.5,167.5,156.9,148.9,138.6,129.6,119.6,108.7,98.5,87.6,78.3,67.4,56.4,49.8,57.6,39.9,29.8,23.7,22.5,21.9,20.1,19.8,18.4,17.3,16.4,13.9,12.8,11.9
13,La leggenda del pianista sull'oceano,5893.4,5738.5,4893.2,3874.5,3794.5,2798.4,2674.3,2598.4,2467.5,2398.5,2576.4,2190.5,2098.4,1983.5,1837.5,1784.5,1675.3,1673.5,1473.5,1374.5,1284.5,1183.5,1094.3,987.5,873.5,964.3,835.4,745.4,643.5,573.5,674.3,485.6,644.2,398.5,364.5,293.5,287.4,198.4,164.3
14,3 Idiots,136.9,123.5,98.4,54.9,49.8,37.7,129.5,234.6,87.5,67.4,57.5,48.6,34.9,27.6,24.6,23.6,19.4,18.4,17.4,16.4,12.4,9.5,8.5,7.4,6.4,5.3,5.4,4.3,3.2,3.9,2.9,1.9,1.3,1.4,1.2,0.9,0.4,1.1,1.2
15,Les choristes,3674.5,3564.3,3289.4,3387.5,2198.5,2398.5,1794.5,1783.5,1763.5,876.4,897.5,789.4,674.5,546.5,453.5,475.6,398.5,385.5,298.5,198.4,176.4,189.4,154.5,123.5,119.4,98.4,89.4,76.4,69.4,59.4,49.6,59.4,48.5,38.4,29.6,26.4,25.4,28.4,19.4
16,WALL¡¤E,14653.5,14567.4,13827.4,6384.5,5845.3,4756.3,6843.5,7094.5,9835.3,3248.5,3183.5,3092.4,2904.5,4234.5,2845.3,2354.8,1563.9,1406.9,1385.4,1284.7,1184.5,1284.8,983.5,1028.7,983.6,874.5,799.4,698.4,598.4,489.4,490.4,491.4,492.4,385.6,386.6,283.5,198.4,209.5,109.5
17,Infernal Affairs,87.4,74.4,98.4,89.4,78.4,67.5,57.5,49.6,39.5,89.5,56.5,49.6,38.4,29.8,19.5,18.5,20.4,16.4,13.4,12.5,11.2,10.3,9.4,8.4,7.3,6.3,5.4,6.4,4.3,3.9,2.9,1.4,3.4,1.1,1.3,1.2,3.1,1.2,1.2
18,Zootopia,13824.4,23464.3,18745.4,3895.6,4859.6,3675.6,3756.6,8475.6,15738.6,11294.5,4895.6,4859.6,5675.6,4985.6,5893.5,11249.6,7748.5,2845.6,3856.4,2104.5,4732.4,1983.5,8937.6,9837.5,6384.5,5845.3,4756.3,3843.5,3094.5,8945.5,7845.3,4832.4,3984.5,2874.65,2104,1980.4,1234.5,1109,984
19,Witness for the Prosecution,54.6,54.9,49.8,37.7,29.5,34.6,87.5,67.4,57.5,48.6,34.9,27.6,24.6,23.6,19.4,18.4,17.4,16.4,12.4,9.5,8.5,7.4,6.4,5.3,5.4,4.3,3.2,3.9,2.9,1.9,1.3,1.4,1.2,0.9,0.4,1.1,1.2,0,0
20,A Chinese Odyssey Part Two - Cinderella,4758,3754.3,2894.5,1983.5,1837.5,1784.5,1675.3,1673.5,1473.5,1374.5,1284.5,1183.5,1094.3,987.5,873.5,964.3,835.4,745.4,643.5,573.5,674.3,485.6,644.2,398.5,364.5,293.5,287.4,198.4,164.3,153.4,148.3,129,110.4,98.4,87.6,79.5,69.5,56.4,0
21,Silenced,42.4,57.4,39.9,17.9,18.9,12.4,18.4,11.9,9,8,7,6.5,9.5,6.5,5.4,4.9,3.7,2.9,1.9,2.9,1.1,1.2,1.8,1.1,1.04,0.9,0.84,0.7,0.4,0.6,0.3,0.2,0.1,0.34,1.1,0.03,0.23,0.53,0
22,The Godfather,6783.4,7284.5,5738.5,4893.2,3874.5,3794.5,2798.4,2674.3,2598.4,2467.5,2398.5,2576.4,2190.5,2098.4,1983.5,1837.5,1784.5,1675.3,1673.5,1473.5,1374.5,1284.5,1183.5,1094.3,987.5,873.5,964.3,835.4,745.4,643.5,573.5,674.3,485.6,644.2,398.5,364.5,293.5,287.4,198.4
23,Intouchables,5733.4,2734.5,1927.4,4182,3726,3625,2453,2600,2300.5,2190.5,2283.5,2576.4,2190.5,2098.4,1983.5,1837.5,1784.5,1675.3,1673.5,1473.5,1374.5,1284.5,1183.5,1094.3,987.5,873.5,964.3,835.4,745.4,643.5,573.5,674.3,485.6,644.2,398.5,364.5,293.5,287.4,238.4
24,The Pursuit of Happyness,7348.5,6473.4,4762.4,4893.2,3874.5,2873.4,3684.9,1983,2598.4,2467.5,2398.5,2576.4,6473.5,5632.4,1983.5,1837.5,1784.5,1675.3,1673.5,1473.5,1374.5,1284.5,1183.5,1094.3,987.5,873.5,964.3,835.4,745.4,643.5,573.5,674.3,485.6,644.2,398.5,364.5,293.5,287.4,248.4
25,Flipped,2345.5,4633.2,3845.6,5463.4,3874.5,4736.5,2938.6,2674.3,2598.4,2467.5,2398.5,2576.4,2190.5,2098.4,1983.5,1837.5,1784.5,1675.3,1673.5,1473.5,1374.5,1284.5,1183.5,1094.3,987.5,873.5,964.3,835.4,745.4,643.5,573.5,674.3,485.6,644.2,398.5,364.5,293.5,287.4,234.5
26,My Neighbor Totoro,3744.5,4533.5,4763.5,4893.2,3287.7,2983.7,2798.4,2983.4,3198.5,2467.5,2398.5,2576.4,3945.6,4283.4,1983.5,1837.5,1784.5,1675.3,1673.5,1473.5,1374.5,1284.5,1183.5,1094.3,987.5,873.5,964.3,835.4,745.4,643.5,573.5,674.3,485.6,644.2,398.5,364.5,293.5,287.4,219.4
27,The Last Emperor,6743.5,5634.3,5738.5,6354.9,3874.5,4109.5,3564.7,2674.3,2598.4,2467.5,2314.5,2238.6,3923.4,4273.4,3472.3,1837.5,1784.5,1675.3,1673.5,1473.5,1374.5,1284.5,1183.5,1094.3,987.5,873.5,964.3,835.4,745.4,643.5,573.5,674.3,485.6,644.2,398.5,364.5,293.5,287.4,253.4
28,Coco,8934.5,7843.2,5984.4,5534.4,4983.5,4293.5,3874.6,2873.9,2983.5,3192.4,2398.5,2576.4,2837.4,3273.4,2983,1837.5,1784.5,1675.3,1673.5,1473.5,1374.5,1284.5,1183.5,1094.3,987.5,873.5,964.3,835.4,745.4,643.5,573.5,674.3,485.6,644.2,398.5,364.5,293.5,287.4,273.9
29,Lifetimes,7724.5,6354.5,5927.4,4893.2,3874.5,3794.5,2798.4,2674.3,2598.4,2467.5,2398.5,2576.4,2736.5,3746.5,2845,1837.5,1784.5,1675.3,1673.5,1473.5,1374.5,1284.5,1183.5,1094.3,987.5,873.5,964.3,835.4,745.4,643.5,573.5,674.3,485.6,644.2,398.5,364.5,293.5,287.4,243.5
30,Batman: The Dark Knight,45788.5,32845.3,31902.4,16887.4,16302.5,15674.6,14985.6,16237.4,19734.5,16734.5,7537.5,6724.5,6382.4,6234.5,8632,11193.5,6543.4,5763.5,4832.5,3248.5,3183.5,3092.4,2904.5,4234.5,2845.3,2354.8,1563.9,1406.9,1326.5,1294.5,1103.5,984.5,748.5,683.4,584.5,498.5,398.5,298.4,221.5
31,Harry Potter and the Sorcerer's Stone,22913,21485.5,20948.4,5749.5,6749.5,10293.5,10395.6,15734.6,15623.5,9844.6,8973.4,7654.5,6789.4,7906.8,5674.5,4673.6,3908.6,2897.7,2376.9,1986,1876.3,1654.8,1526.3,1435.8,1378.4,1235.4,1129.4,1098.3,988.5,877.5,784.5,743.5,687.4,573.5,499.5,397.5,298.5,374.5,198
32,The Lord of the Rings: The Return of the King,22345.9,11934.5,15734.5,16734.5,15249.5,9873.5,9634.5,4385.5,9832.4,13824.5,13284.5,9887.4,7093.4,6837.4,5863.5,8473.3,5743.4,7834.5,7532.4,5134.5,4893.2,3874.5,3794.5,2798.4,2674.3,2598.4,2467.5,2398.5,2576.4,2190.5,2098.4,1983.5,1837.5,1784.5,1284.5,1104.5,953.4,876.4,753
33,Gone with the Wind,2300,1760.4,1543.6,1290.8,1890.4,1080.2,963.2,869.6,1458.5,780.4,967.3,599.5,768.4,597.6,439.7,670.9,345.7,219.5,165.3,134.9,90.8,11,87.3,27.3,67.7,30.4,67.5,88.5,84,21.7,39.5,47.1,43.6,13.5,49,48.3,53.1,53.1,35.3
34,Dying to Survive,2000,1834.8,1903.5,1783.5,1678.5,1436.5,1763.4,1368.9,1203.4,921.1,989.7,956.9,907.6,996.7,940.8,960.3,784.5,603.5,213.6,384.4,234.7,434.6,374.5,274.5,123.5,294.6,485,461.5,100.3,54.3,34.7,13.5,11.1,12.3,8.9,7.3,5.7,6.9,3.5
35,So-won,1876.4,2634.5,1903.5,1783.5,1678.5,1436.5,1763.4,1368.9,1203.4,941.8,977.1,937.1,901,974.8,963.2,960.3,784.5,603.5,213.6,384.4,234.7,434.6,374.5,274.5,123.5,294.6,485,461.5,100.3,54.3,34.7,13.5,11.1,12.3,8.9,7.3,5.7,6.9,3.5
36,Disney-Pixar UP,783,837,984.5,1294.5,1392.6,764.5,635.5,453.5,376.5,463.5,564.6,1209.6,1309.5,987.5,876.4,784.5,603.5,213.6,384.4,234.7,434.6,374.5,274.5,123.5,294.6,485,461.5,100.3,54.3,34.7,13.5,11.1,12.3,8.9,7.3,5.7,6.9,3.5,2.9
37,12 Angry Men,2834,3182.9,4732.4,3874.5,3526.9,2983.9,2873.5,2983.4,3002.7,2576.4,2190.5,2098.4,1983.5,1837.5,1784.5,1675.3,1673.5,1473.5,1374.5,1284.5,1183.5,1094.3,987.5,873.5,964.3,835.4,745.4,643.5,573.5,674.3,485.6,644.2,398.5,364.5,293.5,287.4,198.4,109.5,98.7
38,Howl's Moving Castle,1873,2998.3,3465.6,4567.4,3984.5,3784.5,2783.5,1983.5,1837.5,1784.5,1675.3,1673.5,1473.5,1374.5,1284.5,1183.5,1094.3,987.5,873.5,964.3,835.4,745.4,643.5,573.5,674.3,485.6,644.2,398.5,364.5,293.5,287.4,198.4,109.5,98.7,78.4,56.7,49.8,39.6,36.7
39,Cafarna¨²m,41.2,50.2,14.9,22.5,43.6,13,9.6,17.9,17,7.1,6.3,6.2,5.9,5,10.4,10.7,4,3.9,4.2,2.2,3.9,7.4,6.8,2.3,2.2,2.4,2.6,1,1.8,5.7,6.7,4.4,2.7,1,0.4867,0.8957,1.1,1.3,0.4361
40,Wrestling Competition,1938,2347.5,2103.6,1986.5,1763.5,1637.5,1562.5,1763.5,1567.5,1473.5,1374.5,1284.5,1183.5,1094.3,987.5,873.5,964.3,835.4,745.4,643.5,573.5,674.3,485.6,644.2,398.5,364.5,293.5,287.4,198.4,109.5,98.7,78.4,56.7,49.8,39.6,36.7,31.5,28.4,27.6
41,Devils on the Doorstep,2300,1760.4,1543.6,1290.8,1890.4,1080.2,963.2,869.6,1458.5,780.4,967.3,599.5,768.4,597.6,439.7,670.9,345.7,219.5,165.3,134.9,90.8,79.9,20.3,13.6,19.4,17.4,12.2,44.7,18.3,57.7,74,60.8,20.8,79.5,44.5,64.7,98.7,71.5,68.7
42,Let The Bullets Fly,3943,4523.4,5364.3,4726.4,4123.4,3849.5,2983.5,2139.6,1985.6,1783.5,1673.5,1473.5,1374.5,1284.5,1183.5,1094.3,987.5,873.5,964.3,835.4,745.4,643.5,573.5,674.3,485.6,644.2,398.5,364.5,293.5,287.4,198.4,109.5,98.7,78.4,56.7,49.8,39.6,36.7,29.8
43,Life of Pi,1834,3724.5,4218.4,5126.5,6427.5,4732.5,3475.9,2983.5,2637.5,2483.5,2364.6,2284.6,2385.6,2194.6,2002.7,1893.5,1903.4,1763.5,1673.5,1473.5,1374.5,1284.5,1183.5,1094.3,987.5,873.5,964.3,835.4,745.4,643.5,573.5,674.3,485.6,644.2,398.5,364.5,293.5,287.4,198.4
44,Catch Me If You Can,3854,2983.5,2736.5,4212.4,3984.5,3120.5,2984.5,2765.4,2537.6,2476.4,2002.7,1893.5,1903.4,1763.5,1673.5,1473.5,1374.5,1284.5,1183,1094.3,987.5,873.5,964.3,835.4,745.4,643.5,573.5,674.3,485.6,644.2,398.5,364.5,293.5,287.4,198.4,172.4,135.5,98.5,86.4
45,Heidi ,3845.4,4623.4,5124.4,6783.4,3948.5,4732.3,2938.4,2873.5,1987.5,2102.4,2002.7,1893.5,1903.4,1763.5,1673.5,1473.5,1374.5,1284.5,1183.5,1094.3,987.5,873.5,964.3,835.4,745.4,643.5,573.5,674.3,485.6,644.2,398.5,364.5,293.5,287.4,198.4,163.4,123.4,112.4,98.4
46,The Pianist,8344.5,7845.4,6874.4,5983.4,4982.4,4384.5,4129.4,3982.4,3248.5,3102.5,2002.7,1893.5,1903.4,1763.5,1673.5,1473.5,1374.5,1284.5,1183.5,1094.3,987.5,873.5,964.3,835.4,745.4,643.5,573.5,674.3,485.6,644.2,398.5,364.5,293.5,287.4,198.4,164.5,164.4,126.4,87.4
47,A Chinese Odyssey Part One - Pandora's Box,2300,1760.4,1543.6,1290.8,1890.4,1080.2,963.2,869.6,1458.5,780.4,967.3,599.5,768.4,597.6,439.7,670.9,345.7,219.5,165.3,134.9,90.8,87.4,74.4,65.1,56.4,49.9,39.5,36.4,37.4,32.1,29.4,25.5,24.1,23.1,19.4,14.3,13.2,12.4,11.9
48,Laputa: Castle in the Sky,8473.4,7283.4,6485.4,6345.6,5364.5,5983.4,5632.3,4632.4,4384.5,4129.4,3982.4,3248.5,3102.5,2002.7,1893.5,1903.4,1763.5,1673.5,1473.5,1374.5,1284.5,1183.5,1094.3,987.5,873.5,964.3,835.4,745.4,643.5,573.5,674.3,485.6,644.2,398.5,364.5,293.5,287.4,198.4,164.5
49,The Lord of the Rings: The Two Towers,26345.9,21934.5,15734.5,16734.5,15249.5,9873.5,9634.5,4385.5,9832.4,13824.5,13284.5,10293.4,7093.4,6837.4,5863.5,8473.3,5743.4,7834.5,7532.4,5134.5,4893.2,3874.5,3794.5,2798.4,2674.3,2598.4,2467.5,2398.5,2576.4,2190.5,2098.4,1983.5,1837.5,1784.5,1284.5,1104.5,953.4,876.4,753
50,Scent of a Woman,4728.4,2983.5,2736.5,4212.4,3984.5,3120.5,2984.5,2765.4,2537.6,2476.4,2002.7,1893.5,1903.4,1763.5,1673.5,1473.5,1374.5,1284.5,1183,1094.3,987.5,873.5,964.3,835.4,745.4,643.5,573.5,674.3,485.6,644.2,398.5,364.5,293.5,287.4,198.4,172.4,135.5,98.5,86.4
51,Nuovo Cinema Paradiso,4182.4,3948.5,3647.5,4723.4,5632.4,4732.3,2938.4,2873.5,1987.5,2102.4,2002.7,1893.5,1903.4,1763.5,1673.5,1473.5,1374.5,1284.5,1183.5,1094.3,987.5,873.5,964.3,835.4,745.4,643.5,573.5,674.3,485.6,644.2,398.5,364.5,293.5,287.4,198.4,163.4,123.4,112.4,98.4
52,The Last Emperor,8734.5,7325.4,6253.4,5525.3,4523.4,4384.5,4129.4,3982.4,3248.5,3102.5,2002.7,1893.5,1903.4,1763.5,1673.5,1473.5,1374.5,1284.5,1183.5,1094.3,987.5,873.5,964.3,835.4,745.4,643.5,573.5,674.3,485.6,644.2,398.5,364.5,293.5,287.4,198.4,164.5,164.4,126.4,87.4
53,Dead Poets Society,5263.4,4453.4,4315.3,4726.4,4123.4,3849.5,2983.5,2139.6,1985.6,1783.5,1673.5,1473.5,1374.5,1284.5,1183.5,1094.3,987.5,873.5,964.3,835.4,745.4,643.5,573.5,674.3,485.6,644.2,398.5,364.5,293.5,287.4,198.4,109.5,98.7,78.4,56.7,49.8,39.6,36.7,29.8
54,Green Book,8472.3,7613.4,6713.4,5982.5,4274,4080.2,3963.2,3869.6,2458.5,2780.4,2967.3,2599.5,1768.4,1597.6,1439.7,1670.9,1345.7,1219.5,1165.3,1134.9,990.8,985.6,875.3,798.5,698.4,598.4,563.4,498.5,415.4,401,389.5,298.4,276.4,253.4,198.4,187.4,167.4,156.4,145.2
55,The Monkey King,7263.5,7127.4,6928.4,6736.4,6524.4,5983.4,5134.5,4928.4,4723.4,3102.5,2002.7,1893.5,1903.4,1763.5,1673.5,1473.5,1374.5,1284.5,1183.5,1094.3,987.5,873.5,964.3,835.4,745.4,643.5,573.5,674.3,485.6,644.2,398.5,364.5,293.5,287.4,198.4,164.5,164.4,126.4,87.4
56,The Lord of the Rings: The Fellowship of the Ring,21345.9,19823.4,17734.5,16734.5,15249.5,9873.5,9634.5,4385.5,9832.4,13824.5,13284.5,10293.4,7093.4,6837.4,5863.5,8473.3,5743.4,7834.5,7532.4,5134.5,4893.2,3874.5,3794.5,2798.4,2674.3,2598.4,2467.5,2398.5,2576.4,2190.5,2098.4,1983.5,1837.5,1784.5,1284.5,1104.5,953.4,876.4,753
57,The Matrix,4182.4,4948.5,4647.5,3723.4,3632.4,2732.3,2938.4,2873.5,1987.5,1102.4,1872.7,1793.5,1903.4,1763.5,1673.5,1473.5,1374.5,1284.5,1183.5,1094.3,987.5,873.5,964.3,835.4,745.4,643.5,573.5,674.3,485.6,644.2,398.5,364.5,293.5,287.4,198.4,163.4,123.4,112.4,98.4
58,The Godfather: Part II,5182.4,4948.5,4647.5,3723.4,3632.4,2732.3,2938.4,2873.5,1987.5,2102.4,2002.7,1893.5,1903.4,1763.5,1673.5,1473.5,1374.5,1284.5,1183.5,1094.3,987.5,873.5,964.3,835.4,745.4,643.5,573.5,674.3,485.6,644.2,398.5,364.5,293.5,287.4,198.4,163.4,123.4,112.4,98.4
59,The Lion King,13389.4,12982.4,9823.4,9864.5,8904.3,9983.4,7984.5,7897.5,8374.5,7647.9,7847.4,4683.8,3984.5,2639.4,1982.6,2193.7,1983.6,1839.4,1564.4,1763.5,1354.2,1273.5,1134.8,1028.4,984.5,876.9,784.5,653.9,567.4,498.5,384.9,546.6,459.5,398.5,234.6,198.7,123.5,98.9,76.4
60,The Attorney,4182.4,3948.5,3647.5,4723.4,5632.4,4732.3,2938.4,2873.5,1987.5,2102.4,2002.7,1893.5,1903.4,1763.5,1673.5,1473.5,1374.5,1284.5,1183.5,1094.3,987.5,873.5,964.3,835.4,745.4,643.5,573.5,674.3,485.6,644.2,398.5,364.5,293.5,287.4,198.4,163.4,123.4,112.4,98.4
61,Eat Drink Man Woman,8734.5,7325.4,6253.4,5525.3,4523.4,4384.5,4029.4,3982.4,3248.5,3102.5,2002.7,1893.5,1903.4,1763.5,1673.5,1473.5,1374.5,1284.5,1183.5,1094.3,987.5,873.5,964.3,835.4,745.4,643.5,573.5,674.3,485.6,644.2,398.5,364.5,293.5,287.4,198.4,164.5,164.4,126.4,87.4
62,Fight Club ,5263.4,4453.4,4315.3,4726.4,4123.4,3849.5,2983.5,2139.6,1985.6,1783.5,1673.5,1473.5,1374.5,1284.5,1183.5,1094.3,987.5,873.5,964.3,835.4,745.4,643.5,573.5,674.3,485.6,644.2,398.5,364.5,293.5,287.4,198.4,109.5,98.7,78.4,56.7,49.8,39.6,36.7,29.8
63,A Beautiful Mind,2634.5,3848,4827,4127.3,5873.4,3845.6,4229.4,3982.4,3248.5,3102.5,2002.7,1893.5,1903.4,1763.5,1673.5,1473.5,1374.5,1284.5,1183.5,1094.3,987.5,873.5,964.3,835.4,745.4,643.5,573.5,674.3,485.6,644.2,398.5,364.5,293.5,287.4,198.4,164.5,164.4,126.4,87.4
64,he Curious Case of Benjamin Button,3726.5,2734.5,5734.5,4938.4,5283.4,4384.5,4429.4,3982.4,3248.5,3102.5,2002.7,1893.5,1903.4,1763.5,1673.5,1473.5,1374.5,1284.5,1183.5,1094.3,987.5,873.5,964.3,835.4,745.4,643.5,573.5,674.3,485.6,644.2,398.5,364.5,293.5,287.4,198.4,164.5,164.4,126.4,87.4
65,The Boy in the Striped Pajamas,4623.4,3948.5,4362.4,3982.4,4345.6,3684.9,1983,2598.4,2467.5,2398.5,2576.4,6473.5,5632.4,1983.5,1837.5,1784.5,1675.3,1673.5,1473.5,1374.5,1284.5,1183.5,1094.3,987.5,873.5,964.3,835.4,745.4,643.5,573.5,674.3,485.6,644.2,398.5,364.5,293.5,287.4,198.4,0.5
66,Das Leben der Anderen,3827.3,3728.4,4362.3,4188.3,3928.4,4384.5,4329.4,3982.4,3248.5,3102.5,2002.7,1893.5,1903.4,1763.5,1673.5,1473.5,1374.5,1284.5,1183.5,1094.3,987.5,873.5,964.3,835.4,745.4,643.5,573.5,674.3,485.6,644.2,398.5,364.5,293.5,287.4,198.4,164.5,164.4,126.4,87.4
67,Love Letter,6734.5,5983.4,4738.4,3745.6,3627.4,4080.2,3963.2,3869.6,2458.5,2780.4,2967.3,2599.5,1768.4,1597.6,1439.7,1670.9,1345.7,1219.5,1165.3,1134.9,990.8,985.6,875.3,798.5,698.4,598.4,563.4,498.5,415.4,401,389.5,298.4,276.4,253.4,198.4,187.4,167.4,156.4,145.2
68,"Lock, Stock and Two Smoking Barrels",5984.5,4983.4,4623.4,4632.3,4002.4,5632.4,3745.6,3248.5,3102.5,2002.7,1893.5,1903.4,1763.5,1673.5,1473.5,1374.5,1284.5,1183.5,1094.3,987.5,873.5,964.3,835.4,745.4,643.5,573.5,674.3,485.6,644.2,398.5,364.5,293.5,287.4,198.4,164.5,164.4,126.4,87.4,0.56
69,Mal¨¨na,5326.4,4938.4,3847.5,2938.4,3142.4,4029.4,3523.4,3248.5,3102.5,2002.7,1893.5,1903.4,1763.5,1673.5,1473.5,1374.5,1284.5,1183.5,1094.3,987.5,873.5,964.3,835.4,745.4,643.5,573.5,674.3,485.6,644.2,398.5,364.5,293.5,287.4,198.4,164.5,164.4,126.4,87.4,0.44
70,The Sound of Music,4983.4,4723.4,4382.3,3928.3,4753.4,4523.4,3872.54,3248.5,3102.5,2002.7,1893.5,1903.4,1763.5,1673.5,1473.5,1374.5,1284.5,1183.5,1094.3,987.5,873.5,964.3,835.4,745.4,643.5,573.5,674.3,485.6,644.2,398.5,364.5,293.5,287.4,198.4,164.5,164.4,126.4,87.4,0.61
71,Contratiempo,4753.5,3928.4,2938.5,2384.5,3948.5,4080.2,3963.2,3869.6,2458.5,2780.4,2967.3,2599.5,1768.4,1597.6,1439.7,1670.9,1345.7,1219.5,1165.3,1134.9,990.8,985.6,875.3,798.5,698.4,598.4,563.4,498.5,415.4,401,389.5,298.4,276.4,253.4,198.4,187.4,167.4,156.4,145.2
72,Avatar ,18928.5,17835.6,16928.4,12834.5,12812.4,12785.4,8274.6,16273.5,20193.5,17284.6,13944.5,12845.6,11924.6,10294.5,18294.5,18245.6,11834.6,5375.6,4928.5,4782.4,5643.4,9824.5,8394.5,14732.4,12945.6,3712.5,3827.5,4723.4,4843.4,7384.6,11924.6,10583.5,8375.6,6374.5,5974.5,4827.5,4563.4,5637.5,5243.4
73,Saving Private Ryan,177.9,118.4,133.3,131,202.9,141.1,221.5,170.7,156.7,118.4,104.4,130.3,166.9,183.5,112.6,105.7,94.7,110.7,109.6,90.8,128.8,61.6,61.5,38.3,46.8,47.3,47.3,29.9,1,3.4,5.3,5.2,5.5,24.9,26.4,31.3,3.2,17,16
74,Children of Heaven,253.5,263.5,218.4,198.4,156.4,147.3,139.9,129.4,118.4,109.2,98.4,104,87.5,76.5,65.4,59.5,48.5,38.5,29.4,27.5,26.3,24.3,43.4,18.4,15.4,13.3,12.8,11.2,10.2,9.8,7.6,6.5,5.4,4.3,3.9,2.8,2.4,2.3,2.1
75,One Flew Over the Cuckoo's Nest,1938,2347.5,2103.6,1986.5,1763.5,1637.5,1562.5,1763.5,1567.5,1473.5,1374.5,1284.5,1183.5,1094.3,987.5,873.5,964.3,835.4,745.4,643.5,573.5,674.3,485.6,644.2,398.5,364.5,293.5,287.4,198.4,109.5,98.7,78.4,56.7,49.8,39.6,36.7,31.5,28.4,27.6
76,Harry Potter and the Deathly Hallows: Part 2,26913,23485.5,21948.4,19284.4,15749.5,12293.5,11395.6,10734.6,12623.5,9844.6,8973.4,7654.5,6789.4,7906.8,5674.5,4673.6,3908.6,2897.7,2376.9,1986,1876.3,1654.8,1526.3,1435.8,1378.4,1235.4,1129.4,1098.3,988.5,877.5,784.5,743.5,687.4,573.5,499.5,397.5,298.5,374.5,198
77,The Silence of the Lambs,783,837,984.5,1294.5,1392.6,764.5,635.5,453.5,376.5,463.5,564.6,1209.6,1309.5,987.5,876.4,784.5,603.5,213.6,384.4,234.7,434.6,374.5,274.5,123.5,294.6,485,461.5,100.3,54.3,34.7,13.5,11.1,12.3,8.9,7.3,5.7,6.9,3.5,2.9
78,The Grand Budapest Hotel,637,564.5,418.4,298.4,256.4,147.3,139.9,129.4,118.4,109.2,98.4,104,87.5,76.5,65.4,59.5,48.5,38.5,29.4,27.5,26.3,24.3,43.4,18.4,15.4,13.3,12.8,11.2,10.2,9.8,7.6,6.5,5.4,4.3,3.9,2.8,2.4,2.3,2.1
79,Shutter Island,543.6,483.4,318.4,258.4,236.4,247.3,239.9,229.4,198.4,179.2,168.4,154,97.5,86.5,75.4,69.5,58.5,47.5,39.4,37.5,36.3,27.7,33.4,26.4,25.4,19.3,18.8,17.2,10.2,9.8,7.6,6.5,5.4,4.3,3.9,2.9,2.8,3.3,1.9
80,The Butterfly Effect,1938,2347.5,2103.6,1986.5,1763.5,1637.5,1562.5,1763.5,1567.5,1473.5,1374.5,1284.5,1183.5,1094.3,987.5,873.5,964.3,835.4,745.4,643.5,573.5,674.3,485.6,644.2,398.5,364.5,293.5,287.4,198.4,109.5,98.7,78.4,56.7,49.8,39.6,36.7,31.5,28.4,27.6
81,The Prestige,8273,7384.5,6713.4,5982.5,4274,4080.2,3963.2,3869.6,2458.5,2780.4,2967.3,2599.5,1768.4,1597.6,1439.7,1670.9,1345.7,1219.5,1165.3,1134.9,990.8,985.6,875.3,798.5,698.4,598.4,563.4,498.5,415.4,401,389.5,298.4,276.4,253.4,198.4,187.4,167.4,156.4,145.2
82,Kung Fu Hustle,7364.9,6784.5,6213.4,5882.5,4974,4880.2,4963.2,3969.6,2858.5,2980.4,2567.3,2499.5,2168.4,1897.6,1739.7,1670.9,1545.7,1519.5,1465.3,1334.9,1090.8,985.6,875.3,798.5,698.4,598.4,563.4,498.5,415.4,401,389.5,298.4,276.4,253.4,198.4,187.4,167.4,156.4,145.2
83,The Cove,177.9,156.4,133.3,131,202.9,141.1,221.5,170.7,156.7,118.4,104.4,130.3,166.9,183.5,112.6,105.7,94.7,110.7,109.6,90.8,128.8,61.6,61.5,38.3,46.8,47.3,47.3,29.9,1,3.4,5.3,5.2,5.5,24.9,26.4,31.3,3.2,17,16
84,Good Will Hunting,6352.3,5643.4,4823.4,3948.5,3273.4,2873.4,3684.9,1983,2598.4,2467.5,2398.5,2576.4,6473.5,5632.4,1983.5,1837.5,1784.5,1675.3,1673.5,1473.5,1374.5,1284.5,1183.5,1094.3,987.5,873.5,964.3,835.4,745.4,643.5,573.5,674.3,485.6,644.2,398.5,364.5,293.5,287.4,198.4
85,Pulp Fiction,8784.3,7613.4,6713.4,5982.5,4274,4080.2,3963.2,3869.6,2458.5,2780.4,2967.3,2599.5,1768.4,1597.6,1439.7,1670.9,1345.7,1219.5,1165.3,1134.9,990.8,985.6,875.3,798.5,698.4,598.4,563.4,498.5,415.4,401,389.5,298.4,276.4,253.4,198.4,187.4,167.4,156.4,145.2
86,Once Upon a Time in America,1923.4,1536.5,1294.5,1192.4,1092.5,987.5,932.3,867.4,863.4,799.4,698.4,598.4,489.4,490.4,491.4,492.4,385.6,386.6,387.6,388.6,389.6,289.6,278.6,238.9,198.6,178.5,169.5,143.7,178.4,119.5,98.6,87.8,73.5,67.4,58.4,49.5,45.5,43.4,39.5
87,Harry Potter and the Prisoner of Azkaban ,23913,21485.5,19283.4,18284.4,17749.5,16293.5,15395.6,14734.6,12623.5,9844.6,8973.4,7654.5,6789.4,7906.8,5674.5,4673.6,3908.6,2897.7,2376.9,1986,1876.3,1654.8,1526.3,1435.8,1378.4,1235.4,1129.4,1098.3,988.5,877.5,784.5,743.5,687.4,573.5,499.5,397.5,298.5,374.5,198
88,Happy Together ,3723.4,3674.5,2897.7,2376.9,1986,1876.3,1654.8,1526.3,1435.8,1378.4,1235.4,1129.4,1098.3,1234.3,980.6,876.4,768.5,876.4,674.5,765.3,534.2,673.6,543.2,487.2,345.2,276.4,312.6,187.5,176.4,135.4,125.3,98.9,67.4,58.9,47.6,38.4,35.4,32.3,29.3
89,Modern Times,8872.3,7613.4,6713.4,5982.5,4274,4080.2,3963.2,3869.6,2458.5,2780.4,2967.3,2599.5,1768.4,1597.6,1439.7,1670.9,1345.7,1219.5,1165.3,1134.9,990.8,985.6,875.3,798.5,698.4,598.4,563.4,498.5,415.4,401,389.5,298.4,276.4,253.4,198.4,187.4,167.4,156.4,145.2
90,Detachment,1938,2347.5,2103.6,1986.5,1763.5,1637.5,1562.5,1763.5,1567.5,1473.5,1374.5,1284.5,1183.5,1094.3,987.5,873.5,964.3,835.4,745.4,643.5,573.5,674.3,485.6,644.2,398.5,364.5,293.5,287.4,198.4,109.5,98.7,78.4,56.7,49.8,39.6,36.7,31.5,28.4,27.6
91,King of Comedy,7634.5,6845.5,5525.3,4523.4,4384.5,4129.4,3982.4,3248.5,3102.5,2002.7,1893.5,1903.4,1763.5,1673.5,1473.5,1374.5,1284.5,1183.5,1094.3,987.5,873.5,964.3,835.4,745.4,643.5,573.5,674.3,485.6,644.2,398.5,364.5,293.5,287.4,198.4,164.5,164.4,126.4,87.4,76.5
92,Identity ,11283.4,9834.5,10293.4,9284.5,8947.5,3564.6,3648.8,1896.7,1768.4,4356.4,7890.6,4198.7,1589.5,1698.3,1499.6,1364.7,2986.5,4487.6,3120.5,1296.4,1605,2439.5,2387.4,4897.5,4765.3,2287.5,568.9,743.8,588.6,607.5,1437.8,2184.6,1389.4,432.5,539.1,457.7,1037.5,1764.5,1048.8
93,Salinui chueok,8374.5,7834.5,6273.4,5364.4,4938.4,3824.5,3192.3,2938.6,1938.5,1827.5,1763.5,1567.5,1473.5,1374.5,1284.5,1183.5,1094.3,987.5,873.5,964.3,835.4,745.4,643.5,573.5,674.3,485.6,644.2,398.5,364.5,293.5,287.4,198.4,178.4,169.5,156.4,149.6,139.6,128.5,119.4
94,Se7en,8572.3,6475.5,6713.4,5982.5,4274,4080.2,3963.2,3869.6,2458.5,2780.4,2967.3,2599.5,1768.4,1597.6,1439.7,1670.9,1345.7,1219.5,1165.3,1134.9,990.8,985.6,875.3,798.5,698.4,598.4,563.4,498.5,415.4,401,389.5,298.4,276.4,253.4,198.4,187.4,167.4,156.4,145.2
95,Paprika,1838,2947.5,2103.6,1986.5,1763.5,1637.5,1562.5,1763.5,1567.5,1473.5,1374.5,1284.5,1183.5,1094.3,987.5,873.5,964.3,835.4,745.4,643.5,573.5,674.3,485.6,644.2,398.5,364.5,293.5,287.4,198.4,109.5,98.7,78.4,56.7,49.8,39.6,36.7,31.5,28.4,27.6
96,Pirates of the Caribbean: The Curse of the Black Pearl,9928.5,8394.5,10294.5,11194.5,12945.6,8395.5,7845.6,6982.5,7365.6,9284.5,8937.5,7847.5,6274.5,8294.5,8735.6,7613.4,6713.4,5982.5,4274,4080.2,3963.2,3869.6,2458.5,2780.4,2967.3,2599.5,1768.4,1597.6,1439.7,1670.9,1345.7,1219.5,1165.3,1134.9,1092.4,928.4,876.5,785.4,635.5
97,Harry Potter and the Chamber of Secrets,27913,24485.5,23948.4,21284.4,19749.5,18293.5,14395.6,12734.6,12623.5,9844.6,8973.4,7654.5,6789.4,7906.8,5674.5,4673.6,3908.6,2897.7,2376.9,1986,1876.3,1654.8,1526.3,1435.8,1378.4,1235.4,1129.4,1098.3,988.5,877.5,784.5,743.5,687.4,573.5,499.5,397.5,298.5,374.5,198
98,Jagten,3845.6,2934.6,3945.6,3192.5,2980.5,2673.5,2593.4,2467.5,2398.5,2576.4,6473.5,5632.4,1983.5,1837.5,1784.5,1675.3,1673.5,1473.5,1374.5,1284.5,1183.5,1094.3,987.5,873.5,964.3,835.4,745.4,643.5,573.5,674.3,485.6,644.2,398.5,364.5,293.5,287.4,198.4,178.4,167.4
99,Yi yi: A One and a Two,2845.6,1902.4,1827.5,1763.5,1637.5,1562.5,1763.5,1567.5,1473.5,1374.5,1284.5,1183.5,1094.3,987.5,873.5,964.3,835.4,745.4,643.5,573.5,674.3,485.6,644.2,398.5,364.5,293.5,287.4,198.4,109.5,98.7,78.4,56.7,49.8,39.6,36.7,31.5,28.4,27.6,19.6
100,Find Miracle in Cell No.7,2835.6,3893.5,3132.3,2983.5,2384.5,3283.4,3485.6,4192.4,3963.2,3869.6,2458.5,2780.4,2967.3,2599.5,1768.4,1597.6,1439.7,1670.9,1345.7,1219.5,1165.3,1134.9,990.8,985.6,875.3,798.5,698.4,598.4,563.4,498.5,415.4,401,389.5,298.4,276.4,253.4,198.4,187.4,167.4
101,Memories of Matsuko,8395.6,7898.4,6838.4,5673.4,5536.5,5423.4,4274,4080.2,3963.2,3869.6,2458.5,2780.4,2967.3,2599.5,1768.4,1597.6,1439.7,1670.9,1345.7,1219.5,1165.3,1134.9,990.8,985.6,875.3,798.5,698.4,598.4,563.4,498.5,415.4,401,389.5,298.4,276.4,253.4,228.4,197.4,177.4
102,Flirting Scholar,7264.6,8273.4,9835.6,9102.4,8723.4,7829.3,7652.4,6953.4,6753.4,5525.3,4523.4,4384.5,4129.4,3982.4,3248.5,3102.5,2002.7,1893.5,1903.4,1763.5,1673.5,1473.5,1374.5,1284.5,1183.5,1094.3,987.5,873.5,964.3,835.4,745.4,643.5,573.5,674.3,485.6,644.2,398.5,364.5,293.5
103,Call Me by Your Name,2745.6,3845.6,4832.3,5463.4,6523.5,7120.4,6982.5,7365.6,9284.5,8937.5,7847.5,6274.5,8294.5,8735.6,7613.4,6713.4,5982.5,4274,4080.2,3963.2,3869.6,2458.5,2780.4,2967.3,2599.5,1768.4,1597.6,1439.7,1670.9,1345.7,1219.5,1165.3,1134.9,1092.4,928.4,876.5,785.4,635.5,584.5
104,Brokeback Mountain,5933.6,4782.5,3982.5,3012.3,2900,2760.4,2543.6,1890.8,1790.4,1680.2,1263.2,1069.6,1458.5,780.4,967.3,674.5,768.4,597.6,439.7,670.9,345.7,219.5,165.3,134.9,90.8,87.4,109.4,98.4,83.4,73.4,65.4,59.3,48.3,76.5,39.5,28.4,19.8,20.1,13.4
105,Edward Scissorhands,1938,2347.5,2103.6,1986.5,1763.5,1637.5,1562.5,1763.5,1567.5,1473.5,1374.5,1284.5,1183.5,1094.3,987.5,873.5,964.3,835.4,745.4,643.5,573.5,674.3,485.6,644.2,398.5,364.5,293.5,287.4,198.4,109.5,98.7,78.4,56.7,49.8,39.6,36.7,31.5,28.4,27.6
106,Braveheart,2895.6,3892.5,2845.6,2902.4,1927.5,1863.5,1837.5,1562.5,1763.5,1567.5,1473.5,1374.5,1284.5,1183.5,1094.3,987.5,873.5,964.3,835.4,745.4,643.5,573.5,674.3,485.6,644.2,398.5,364.5,293.5,287.4,198.4,234.5,267.4,256.4,198.3,167.4,153.4,149.5,150.5,130.4
107,Departures,5893.5,6782.5,7263.4,7234.5,8763.4,5263.4,4983.5,4293.4,3863.2,3769.6,3458.5,2980.4,2967.3,2799.5,1968.4,1797.6,1539.7,1670.9,1345.7,1219.5,1165.3,1134.9,990.8,985.6,875.3,798.5,698.4,598.4,563.4,498.5,415.4,401,389.5,298.4,276.4,253.4,228.4,207.4,197.4
108,Before Sunrise,6783.5,7823.4,6475.5,6713.4,5982.5,4274,4080.2,3963.2,3869.6,2458.5,2780.4,2967.3,2599.5,1768.4,1597.6,1439.7,1670.9,1345.7,1219.5,1165.3,1134.9,990.8,985.6,875.3,798.5,698.4,598.4,563.4,498.5,415.4,401,389.5,298.4,276.4,253.4,198.4,187.4,142.3,129.3
109,The Sixth Sense,7890.5,6377.5,5983.4,5384.5,4829.4,4782.4,4248.5,3702.5,3002.7,2893.5,2103.4,1963.5,1873.5,1673.5,1474.5,1284.5,1183.5,1094.3,987.5,873.5,964.3,835.4,745.4,643.5,573.5,674.3,485.6,644.2,398.5,364.5,293.5,287.4,198.4,164.5,164.4,126.4,87.4,76.3,64.3
110,Chungking Express,10928.5,9882.4,8723.4,8273.4,7983.4,6773.4,5634.5,6374.5,5672.3,9284.1,10923.4,11290.3,6703.4,5890.4,4673.4,3982.4,3248.5,3102.5,2002.7,1893.5,1903.4,1763.5,1673.5,1473.5,1374.5,1284.5,1183.5,1094.3,1087.5,1073.5,1064.3,935.4,945.4,1092.3,987.4,874.3,785.6,644.2,598.5
111,Batman 3: The Dark Knight Rises,19288.6,18726.5,17283.4,10982.5,9365.6,8284.5,8234.5,10847.5,9274.5,8294.5,8735.6,7613.4,6713.4,5982.5,9274,9080.2,8963.2,3869.6,2458.5,2780.4,2967.3,2599.5,1768.4,1597.6,1439.7,1670.9,1345.7,1219.5,1165.3,1134.9,1092.4,928.4,876.5,785.4,635.5,584.5,490.4,678.4,390.4
112,Princess Mononoke,8726.5,7823.4,6039.4,5364.4,4938.4,3824.5,3192.3,2938.6,1938.5,1827.5,1763.5,1567.5,1473.5,1374.5,1284.5,1183.5,1094.3,987.5,873.5,964.3,835.4,745.4,643.5,573.5,674.3,485.6,644.2,398.5,364.5,293.5,287.4,198.4,178.4,169.5,156.4,149.6,139.6,128.5,119.4
113,Big Hero 6,7893.5,6803.4,5932.3,5882.5,5974,4480.2,4363.2,3969.6,3858.5,2980.4,2567.3,2499.5,2168.4,1897.6,1739.7,1670.9,1545.7,1519.5,1465.3,1334.9,1090.8,985.6,875.3,798.5,698.4,598.4,563.4,498.5,415.4,401,389.5,298.4,276.4,253.4,198.4,187.4,167.4,156.4,145.2
114,Kikujir? no natsu ,1938,2347.5,2103.6,1986.5,1763.5,1637.5,1562.5,1763.5,1567.5,1473.5,1374.5,1284.5,1183.5,1094.3,987.5,873.5,964.3,835.4,745.4,643.5,573.5,674.3,485.6,644.2,398.5,364.5,293.5,287.4,198.4,109.5,98.7,78.4,56.7,49.8,39.6,36.7,31.5,28.4,27.6
115,Before Sunset,10294.5,8345.6,9845.6,8938.4,7982.4,6527.4,5623.4,4837.4,8273.4,9376.5,10293.4,7364.5,6723.4,5673.4,5536.5,5423.4,4274,4080.2,3963.2,3869.6,2458.5,2780.4,2967.3,2599.5,1768.4,1597.6,1439.7,1670.9,1345.7,1219.5,1165.3,1134.9,990.8,985.6,875.3,798.5,698.4,598.4,563.4
116,Comrades: Almost a Love Story,9873.5,10293.5,11093.5,9028.5,8274.6,7263.5,6352.3,5643.4,4823.4,3948.5,3273.4,2873.4,3684.9,2983,2598.4,2467.5,2398.5,2576.4,6473.5,5632.4,1983.5,1837.5,1784.5,1675.3,1673.5,1473.5,1374.5,1284.5,1183.5,1094.3,987.5,873.5,964.3,835.4,745.4,643.5,573.5,674.3,587.4
117,Le fabuleux destin d'Am¨¦lie Poulain,10923.5,9998.3,8734.5,7838.5,6928.4,7129.3,7253.4,6275.4,5737.4,5643.4,4823.4,3948.5,3773.4,2873.4,2684.9,1983,2598.4,2467.5,2398.5,2576.4,3473.5,3632.4,1983.5,1837.5,1784.5,1675.3,1673.5,1473.5,1374.5,1284.5,1183.5,1094.3,987.5,873.5,964.3,920.2,890.3,820.3,799.3
118,In the Heat of the Sun,8274.5,7834.5,7029.3,6983.4,5837.4,4992.4,3963.2,3869.6,3458.5,2980.4,2867.3,2579.5,1968.4,1897.6,1639.7,1670.9,1445.7,1219.5,1165.3,1134.9,990.8,985.6,875.3,798.5,698.4,598.4,563.4,498.5,415.4,401,389.5,298.4,276.4,253.4,198.4,187.4,167.4,209.3,139.4
119,Little Forest Summer & Autumn,177.9,293.5,324.5,345,202.9,141.1,221.5,170.7,156.7,118.4,104.4,130.3,166.9,183.5,112.6,105.7,94.7,110.7,109.6,90.8,128.8,61.6,61.5,38.3,46.8,47.3,47.3,29.9,21,19,15.4,15.2,15.5,24.9,26.4,31.3,32,17,16
120,A Perfect World,3785.6,2938.5,2876.4,3924.5,3829.4,2904.5,2673.5,2347.5,2103.6,1986.5,1763.5,1637.5,1562.5,1763.5,1567.5,1473.5,1374.5,1284.5,1183.5,1094.3,987.5,873.5,964.3,835.4,745.4,643.5,573.5,674.3,485.6,644.2,398.5,364.5,293.5,287.4,198.4,109.5,98.7,78.4,56.7
121,The Borrower Arrietty ,2844.5,3102.3,4102.3,2983.4,2783.4,2573.4,2467.5,2398.5,2576.4,6473.5,5632.4,1983.5,1837.5,1784.5,1675.3,1673.5,1473.5,1374.5,1284.5,1183.5,1094.3,987.5,873.5,964.3,835.4,745.4,643.5,573.5,674.3,485.6,644.2,398.5,364.5,293.5,287.4,198.4,178.4,167.4,158.8
122,Nobody Knows,6375.6,5983.4,4967.3,4599.5,3768.4,3597.6,4439.7,2670.9,2345.7,2219.5,2165.3,1834.9,1782.8,1585.6,1275.3,1098.5,998.4,898.4,763.4,698.5,515.4,401,389.5,298.4,276.4,253.4,198.4,187.4,167.4,203.4,209.4,210.3,156.4,145.3,139.4,129,113.4,98.2,87.2
123,Gone Girl,5673.4,6253.4,5012.3,4900,3760.4,3543.6,2890.8,2790.4,2680.2,2263.2,1869.6,1658.5,1780.4,1467.3,1274.5,1098.4,897.6,739.7,670.9,345.7,219.5,165.3,134.9,90.8,87.4,109.4,98.4,83.4,73.4,65.4,59.3,48.3,76.5,39.5,28.4,19.8,20.1,13.4,12.3
124,A Chinese Ghost Story,3956.6,4827.3,3984.5,2873.4,2427.5,2363.5,2037.5,1962.5,1763.5,1567.5,1473.5,1374.5,1284.5,1183.5,1094.3,987.5,873.5,964.3,835.4,745.4,643.5,573.5,674.3,485.6,644.2,398.5,364.5,293.5,287.4,198.4,234.5,267.4,256.4,198.3,167.4,153.4,149.5,150.5,130.4
125,Parasite,10934,9827.3,10294.5,8273.4,7934.5,7384.5,6377.5,5983.4,5384.5,4829.4,4782.4,4248.5,3702.5,3002.7,2893.5,2103.4,1963.5,1873.5,1673.5,1474.5,1284.5,1183.5,1094.3,987.5,873.5,964.3,835.4,745.4,643.5,573.5,674.3,485.6,644.2,398.5,364.5,293.5,287.4,198.4,164.5
126,Whisper of the Heart,2945.6,3627.3,3192.3,3019.3,2983.4,2893.4,2673.4,3820.4,3783.4,2938.6,1938.5,1827.5,1763.5,1567.5,1473.5,1374.5,1284.5,1183.5,1094.3,987.5,873.5,964.3,835.4,745.4,643.5,573.5,674.3,485.6,644.2,398.5,364.5,293.5,287.4,198.4,178.4,169.5,156.4,149.6,139.6
127,Little Forest: Winter & Spring,15934.5,13847.5,12984.5,10298.5,9287.5,10924.5,8928.4,7982.5,7364.5,8937.54,10982.3,11029.4,9028.5,8274.6,7263.5,6352.3,5643.4,4823.4,3948.5,3273.4,2873.4,3684.9,2983,2598.4,2467.5,2398.5,2576.4,6473.5,5632.4,1983.5,1837.5,1784.5,1675.3,1673.5,1473.5,1374.5,1284.5,1183.5,1094.3
128,About Time,1938,2347.5,2103.6,1986.5,1763.5,1637.5,1562.5,1763.5,1567.5,1473.5,1374.5,1284.5,1183.5,1094.3,987.5,873.5,964.3,835.4,745.4,643.5,573.5,674.3,485.6,644.2,398.5,364.5,293.5,287.4,198.4,109.5,98.7,78.4,56.7,49.8,39.6,36.7,31.5,28.4,27.6
129,The Terminal,19283.4,17834.5,16274.5,15624.5,14932.3,12734.5,9283.4,8293.4,7284.5,6928.4,7425.4,5263.4,4453.4,4315.3,4726.4,4123.4,3849.5,2983.5,2139.6,1985.6,1783.5,1673.5,1473.5,1374.5,1284.5,1183.5,1094.3,987.5,873.5,964.3,835.4,745.4,643.5,572.3,620.4,537.4,498.4,398.1,276.3
130,How to Train Your Dragon ,1983.5,2103.4,1824.5,1782.4,1672.4,1562.4,9827.4,8726.4,9627.4,10923.4,11673.4,8273.4,7837.5,6783.5,7823.4,6475.5,6713.4,5982.5,4274,4080.2,3963.2,3869.6,2458.5,2780.4,2967.3,2599.5,1768.4,1597.6,1439.7,1670.9,1345.7,1219.5,1165.3,1134.9,990.8,902.3,873.5,798.4,678.3
131,The Godfather: Part III,2939.5,3823.4,4091.2,3928.3,2983.5,2783.4,2547.5,2103.6,1986.5,1763.5,1637.5,1562.5,1763.5,1567.5,1473.5,1374.5,1284.5,1183.5,1094.3,987.5,873.5,964.3,835.4,745.4,643.5,573.5,674.3,485.6,644.2,398.5,364.5,293.5,287.4,309.3,310.2,289.3,199.2,180.3,203
132,En man som heter Ove,19204.5,17623.4,16723.4,10928.4,9928.3,8276.3,8029.3,7625.4,5733.4,6726.3,8277.4,7826.3,6726.3,5982.3,4453.4,4315.3,4726.4,4123.4,3849.5,2983.5,2139.6,1985.6,1783.5,1673.5,1473.5,1374.5,1284.5,1183.5,1094.3,987.5,873.5,964.3,835.4,745.4,702.3,687.3,598.4,503.4,609.3
133,To the Forest of Firefly Lights,18273.4,16723.4,15623.4,12834.5,10928.4,9827.3,8762.3,8982.3,7908.4,6375.6,5983.4,4967.3,4599.5,3768.4,3597.6,4439.7,2670.9,2345.7,2219.5,2165.3,2834.9,1982.8,1885.6,1775.3,1598.5,1298.4,1098.4,963.4,898.5,715.4,703,749.5,698.4,654.5,598.4,489.5,389.4,290.3,304.4
134,Perfect Blue,6374.5,6033.6,5782.5,4982.5,4012.3,3900,3760.4,2943.6,2890.8,1990.4,1680.2,1263.2,1069.6,1458.5,780.4,967.3,674.5,768.4,597.6,439.7,670.9,345.7,219.5,165.3,134.9,90.8,87.4,109.4,98.4,83.4,73.4,65.4,78.4,65.4,59.4,48.5,43.5,49.5,39.8
135,"Monsters, Inc.",8273.4,7264.6,8273.4,9835.6,9102.4,8723.4,7829.3,7652.4,6953.4,6753.4,5525.3,4523.4,4384.5,4129.4,3982.4,3248.5,3102.5,2002.7,1893.5,1903.4,1763.5,1673.5,1473.5,1374.5,1284.5,1183.5,1094.3,987.5,873.5,964.3,835.4,745.4,643.5,573.5,674.3,485.6,644.2,398.5,364.5
136,Harry Potter and the Goblet of Fire,27913,25485.5,22283.4,19284.4,17749.5,16293.5,15395.6,14734.6,12623.5,9844.6,8973.4,7654.5,6789.4,7906.8,5674.5,4673.6,3908.6,2897.7,2376.9,1986,1876.3,1654.8,1526.3,1435.8,1378.4,1235.4,1129.4,1098.3,988.5,877.5,784.5,743.5,687.4,573.5,499.5,397.5,398.5,474.5,298
137,Toy Story 3,2984.5,3827.4,4873.4,5672.3,5829.3,6573.4,5983.4,4782.4,4248.5,3702.5,3002.7,2893.5,2103.4,1963.5,1873.5,1673.5,1474.5,1284.5,1183.5,1094.3,987.5,873.5,964.3,835.4,745.4,643.5,573.5,674.3,485.6,644.2,398.5,364.5,293.5,287.4,198.4,164.5,164.4,126.4,87.4
138,Pride & Prejudice,7288.4,6253.4,5525.3,4523.4,4384.5,4029.4,3982.4,3248.5,3102.5,2002.7,1893.5,1903.4,1763.5,1673.5,1473.5,1374.5,1284.5,1183.5,1094.3,987.5,873.5,964.3,835.4,745.4,643.5,573.5,674.3,590.4,630.4,590.4,530.4,489.3,476.5,409.4,398.4,387.5,379.5,367.5,309.4
139,New World ,8734.5,7823.4,7039.4,6364.4,5938.4,5824.5,4192.3,3938.6,3938.5,2827.5,2763.5,2567.5,2473.5,1974.5,1884.5,1683.5,1494.3,1287.5,1073.5,1064.3,935.4,845.4,743.5,673.5,674.3,585.6,644.2,798.5,564.5,493.5,387.4,298.4,278.4,169.5,156.4,149.6,139.6,128.5,119.4
140,Train to Busan,6773.4,5283.4,4384.5,4429.4,3982.4,3248.5,3102.5,2002.7,1893.5,1903.4,1763.5,1673.5,1473.5,1374.5,1284.5,1183.5,1094.3,987.5,873.5,964.3,835.4,745.4,643.5,573.5,674.3,485.6,644.2,398.5,364.5,293.5,287.4,198.4,164.5,164.4,126.4,87.4,79.3,67.4,70.2
141,Despicable Me,5672.4,4439.7,2670.9,2345.7,2219.5,2165.3,1834.9,1782.8,1585.6,1275.3,1098.5,998.4,898.4,763.4,698.5,515.4,401,389.5,298.4,276.4,253.4,198.4,187.4,167.4,203.4,209.4,210.3,156.4,145.3,139.4,129,113.4,98.2,87.2,67.4,58.6,48.5,47.5,46.5
142,Mary and Max,9234.4,8298.3,7983.4,8203.4,7288.4,7253.4,6525.3,4523.4,4384.5,4029.4,3982.4,3248.5,3102.5,2002.7,1893.5,1903.4,1763.5,1673.5,1473.5,1374.5,1284.5,1183.5,1094.3,987.5,873.5,964.3,835.4,745.4,643.5,573.5,674.3,590.4,630.4,590.4,530.4,489.3,654.5,530.4,402.3
143,Django Unchained,678.3,567.4,495.6,782.3,876.4,987.4,409.4,384.4,234.7,434.6,374.5,274.5,223.5,294.6,285,361.5,300.3,254.3,234.7,213.5,211.1,212.3,198.9,187.3,175.7,146.9,143.5,132.9,129.4,109.4,98.3,95.3,109.5,93.4,87,81.5,76.4,72.3,65.2
144,Confessions,7845.5,6713.4,5982.5,4274,4080.2,3963.2,3869.6,2458.5,2780.4,2967.3,2599.5,1768.4,1597.6,1439.7,1670.9,1345.7,1219.5,1165.3,1134.9,990.8,985.6,875.3,798.5,698.4,598.4,563.4,498.5,415.4,401,389.5,298.4,276.4,253.4,198.4,167.4,153.4,149.5,150.5,130.4
145,Big Fish,7284.6,8712.3,9102.33,8723.4,7823.4,6257.4,6352.3,5643.4,4823.4,3948.5,3273.4,2873.4,3684.9,1983,2598.4,2467.5,2398.5,2576.4,6473.5,5632.4,1983.5,1837.5,1784.5,1675.3,1673.5,1473.5,1374.5,1284.5,1183.5,1094.3,987.5,873.5,964.3,835.4,745.4,643.5,573.5,604.5,487.5
146,Prince Nezha's Triumph Against Dragon King,8734.5,8723.4,6273.4,5938.4,4672.3,3627.3,3192.3,3019.3,2983.4,2893.4,2673.4,3820.4,3783.4,2938.6,1938.5,1827.5,1763.5,1567.5,1473.5,1374.5,1284.5,1183.5,1094.3,987.5,873.5,964.3,835.4,745.4,643.5,573.5,674.3,485.6,644.2,398.5,364.5,293.5,287.4,198.4,178.4
147,The Eagle Shooting Heroes,9827.4,8029.3,8503.4,7682.3,7309.3,6726.3,6277.4,7826.3,6726.3,5982.3,4453.4,4315.3,4726.4,4123.4,3849.5,2983.5,2139.6,1985.6,1783.5,1673.5,1473.5,1374.5,1284.5,1183.5,1094.3,987.5,873.5,964.3,835.4,745.4,702.3,687.3,598.4,503.4,609.3,589.5,487.4,503.4,409.2
148,The Imitation Game,8274.5,8928.4,9018.4,8273.4,7264.6,8273.4,9835.6,9102.4,8723.4,7829.3,7652.4,6953.4,6753.4,5525.3,4523.4,4384.5,4129.4,3982.4,3248.5,3102.5,2002.7,1893.5,1903.4,1763.5,1673.5,1473.5,1374.5,1284.5,1183.5,1094.3,987.5,873.5,964.3,835.4,745.4,643.5,573.5,498.6,410.3
149,Ready Player One,7283.5,6253.4,5728.3,4983.4,3928.3,2983.5,2783.4,2547.5,2103.6,1986.5,1763.5,1637.5,1562.5,1763.5,1567.5,1473.5,1374.5,1284.5,1183.5,1094.3,987.5,873.5,964.3,835.4,745.4,643.5,573.5,674.3,485.6,644.2,398.5,364.5,293.5,287.4,309.3,310.2,289.3,199.2,180.3
150,The Wedding Banquet,5724.5,4836.4,3823.4,4091.2,3928.3,3983.5,3783.4,2947.5,2803.6,2786.5,2763.5,2637.5,2562.5,1963.5,1867.6,1753.5,1674.5,1584.5,1378.5,1294.7,1187.6,1283.4,1123.4,982.3,876.3,762.3,673.4,642.3,598.7,644.2,546.4,530.5,502.3,487.5,409.1,400,389.6,276.4,230.9
151,Suzume,8094.7,4423.9,1244.5,2531.3,5133.9,752,1026.5,2798,1690.8,363.2,310.4,292.6,266.3,498.5,1598.1,1023.8,216.1,1193,193.6,140.9,,,,,,,,,,,,,,,,,,,
152,Hachiko,2574.8,2209.9,1024,1611.2,3670.2,975.6,1165.8,2427.2,1751.9,608.4,535,497.9,462.3,679.2,1499.7,1189.6,376.6,342.1,329.5,269.6,,,,,,,,,,,,,,,,,,,
153,Post Truth,1772.3,1579.4,644.3,903.8,1868.9,515.7,417.3,825.4,661.4,273.9,250.9,246.8,236.9,232.7,453.5,455.4,192.3,192.5,192.1,137.4,,,,,,,,,,,,,,,,,,,
154,Dungeons & Dragons: Honor Among Thieves,1472.6,1083.8,338.4,491.2,961.1,228.9,217.3,434.9,361.9,120.6,110.1,105.7,98.9,111.3,229.8,205.5,61.7,60.3,60,30.6,,,,,,,,,,,,,,,,,,,
155,To Be Continued ,1212.3,641.5,256.3,312,363.4,149.4,89.5,194.9,117,57.4,46.9,44.4,39,28.6,37.9,35,15.8,15,14.2,8,,,,,,,,,,,,,,,,,,,
156,Journey to the West,806.2,640.6,231.7,317.2,764.7,194.3,256.7,503.4,461.4,157.8,141.6,136.4,118.5,158.7,312.6,269,86,74,77.9,49,,,,,,,,,,,,,,,,,,,
157,Escape Cretaceous 65,201.3,103.4,131.1,91.1,89.4,74.9,68.1,56,44.7,46.1,35.2,24.9,24.1,22.6,14,14.1,11.1,11.2,10.3,7.3,,,,,,,,,,,,,,,,,,,
158,Manifesto,177.9,118.4,133.3,131,202.9,141.1,221.5,170.7,156.7,118.4,104.4,130.3,166.9,183.5,112.6,105.7,94.7,110.7,109.6,90.8,,,,,,,,,,,,,,,,,,,
159,Boonie Bears: Guardian Code,177.4,212,190.3,176.4,196.9,139.5,109.4,91.3,94.5,87.3,76.5,68.4,67.4,56.3,54.4,49.9,39.4,40.5,34.5,29.3,,,,,,,,,,,,,,,,,,,
160,Revival,187.9,118.4,233.7,231,202.9,141.2,121.5,262.7,156.7,118.4,104.4,130.3,166.9,183.5,112.6,105.7,94.4,110.7,99.6,90.8,,,,,,,,,,,,,,,,,,,
161,The Best is Yet to Come,477.9,318.5,333.2,331,302.9,141.1,221.3,270.7,256.7,238.4,104.4,130.3,166.9,183.5,212.6,185.7,95.4,120.7,103.5,87.3,,,,,,,,,,,,,,,,,,,
162,Fantasy Queen of the Frog Kingdom Adventure,877.9,768.4,533.1,431,402.9,341.4,321.5,370.7,356.7,268.4,104.4,130.3,166.9,183.5,192.6,175.7,92.6,97.7,91.8,69.6,,,,,,,,,,,,,,,,,,,
163,A Guilty Conscience,824.9,818.4,735.5,631,582.9,441.1,421.5,370.7,326.7,218.4,104.4,130.3,166.9,183.5,172.6,184.7,98.7,85.7,76.3,70.3,,,,,,,,,,,,,,,,,,,
164,The Wandering Earth ¢ò,977.9,843.6,783.4,618.4,558.4,636.4,547.3,439.9,329.4,298.4,279.2,168.4,154,97.5,86.5,75.4,69.5,58.5,68.3,63.4,,,,,,,,,,,,,,,,,,,
165,M3GAN,7263.4,5268.4,4893.4,3984.5,2897.7,2376.9,1986,1876.3,1654.8,1526.3,1435.8,1378.4,1235.4,1129.4,1098.3,1234.3,980.6,876.4,768.5,876.4,,,,,,,,,,,,,,,,,,,
166,Deep Sea,8273.4,7622.4,5634.5,4998.4,4523.4,3874.5,2002.7,1893.5,1903.4,1763.5,1673.5,1473.5,1374.5,1284.5,1183.5,1094.3,987.5,873.5,964.3,835.4,,,,,,,,,,,,,,,,,,,
167,Iceberg Watcher,10.7,9.6,2.2,2.8,6.8,2.4,3.3,6.8,5.1,1.5,1.2,1.3,0.8896,1.5,3.5,2.6,0,0,0,0,,,,,,,,,,,,,,,,,,,
168,A Man Called Ottos,9.7,11.2,3.2,2.5,3.3,1.2,0,0,0,0,0,1.3,0,0,0,0,0,0,0,0,,,,,,,,,,,,,,,,,,,
169,Azoila imbricata,8.8,6.9,3.9,5.9,15.2,3.7,3,4.8,4.3,3,1.6,0.8,0.6,0.13,0,0,0,0,0,0,,,,,,,,,,,,,,,,,,,
170,Shazam! Fury of the Gods,977.9,768.4,533.1,431,402.9,341.4,321.5,370.7,356.7,268.4,104.4,130.3,166.9,183.5,192.6,175.7,92.6,97.7,91.8,69.6,,,,,,,,,,,,,,,,,,,
171,So Said So Done,177.4,212,190.3,176.4,196.9,139.5,109.4,91.3,94.5,87.3,73.4,68.4,67.4,56.3,54.4,49.9,39.4,40.5,34.5,25,,,,,,,,,,,,,,,,,,,
172,The Cord of Life,477.4,312,190.3,176.4,196.9,139.5,109.4,89,94.5,87.3,76.5,68.4,67.4,56.3,54.4,49.9,39.4,40.5,34.5,25.3,,,,,,,,,,,,,,,,,,,
173,Firmament,277.4,317,290.4,263.4,245.5,209.4,189.2,91.3,94.5,87.3,63.45,54.3,58.3,48.5,54.4,47.5,41.2,40.5,34.5,24.3,,,,,,,,,,,,,,,,,,,
174,Ordinary Hero,977.9,768.4,533.1,431,402.9,341.4,321.5,370.7,356.7,268.4,104.4,130.3,166.9,183.5,192.6,175.7,92.6,97.7,91.8,69.6,,,,,,,,,,,,,,,,,,,
175,Two men in the woods,377.4,312,190.3,176.4,196.9,139.5,109.4,91.3,94.5,87.3,76.5,68.4,67.4,56.3,54.4,49.9,39.4,40.5,34.5,29.3,,,,,,,,,,,,,,,,,,,
176,Hidden Blade,877.9,768.4,533.1,431,402.9,341.4,321.5,370.7,356.7,268.4,104.4,130.3,166.9,183.5,192.6,175.7,92.6,97.7,91.8,69.6,,,,,,,,,,,,,,,,,,,
177,One For The Road,577.4,412.5,190.3,176.4,196.9,139.5,109.4,85.4,94.5,87.3,76.5,68.4,67.4,56.3,54.4,49.9,39.4,40.5,34.5,29.3,,,,,,,,,,,,,,,,,,,
178,Cuckoo flowers bloom,977.9,768.4,533.1,431,402.9,341.4,321.5,370.7,356.7,268.4,104.4,130.3,166.9,183.5,192.6,175.7,92.6,97.7,91.8,69.6,,,,,,,,,,,,,,,,,,,
179,Delicious Romance ,677.4,563.4,190.3,176.4,196.9,139.5,109.4,78.3,94.5,87.3,76.5,68.4,67.4,56.3,54.4,49.9,39.4,40.5,34.5,29.3,,,,,,,,,,,,,,,,,,,
180,Like Father And Son ,577.9,625.4,533.1,431,402.9,341.4,321.5,370.7,356.7,268.4,104.4,130.3,166.9,183.5,192.6,175.7,92.6,97.7,91.8,69.6,,,,,,,,,,,,,,,,,,,
181,sie trumt vom deutschen Wald,477.4,387.4,298.3,276.3,196.9,139.5,109.4,91.3,94.5,87.3,76.5,68.4,67.4,56.3,54.4,49.9,39.4,40.5,34.5,29.3,,,,,,,,,,,,,,,,,,,
182,For The Clean River,273.4,212,298.3,267.3,208.4,263.4,189.4,167.3,153.4,128.3,119.4,103.5,97.3,87.4,67.3,49.9,39.4,40.5,34.5,29.3,,,,,,,,,,,,,,,,,,,
183,Mrs. Harris Goes To Paris,201.68,234.6,271.68,47.8,217.52,203.8,234.24,232.8,31.76,293.16,43.52,17.6,334.88,187.88,371,191.92,336.24,42.8,250.96,301.56,,,,,,,,,,,,,,,,,,,
184,Ming Jue Village,388.36,221.08,237.04,200.24,206.84,340.52,201.2,280.24,329.88,338.24,244.48,337.08,254.72,357.64,203.6,170.56,283.08,345.16,181.84,357.48,,,,,,,,,,,,,,,,,,,
185,One Mountain Away,375.2,332.12,342.72,399.76,271.4,327.48,292.48,294.24,196,368.44,319.92,326.92,242.16,211.52,275.44,218.72,375.04,389.04,329.12,216.2,,,,,,,,,,,,,,,,,,,
186,Sui Dhaaga - Made In India,197.68,170,367.2,345.28,291.44,277.28,342.56,230.76,232.56,338.04,263.32,385.84,173,194.36,316.56,188.16,356.76,235.48,385.84,332.8,,,,,,,,,,,,,,,,,,,
187,Rock Dog 3 Battle the Beat,366.04,339.56,328.8,231.44,207.24,363.32,233.44,264.56,232.12,390.64,321.04,302.96,319.6,249.08,248.04,370.48,203.28,398.44,330.8,213.88,,,,,,,,,,,,,,,,,,,
188,Ping-pong of China ,286.8,199.2,385.36,342.52,245.8,235.32,248.6,225.56,326.64,390.4,208.24,281.4,372.52,270.52,308.32,238.08,386.56,353.72,297.12,261.44,,,,,,,,,,,,,,,,,,,
189,He is My Brother,284.36,365.08,262.76,328.24,344,271.24,371.32,371.08,388.2,377.36,255.8,188.6,277.96,268.16,245.52,178.72,383,197.16,257.12,280.2,,,,,,,,,,,,,,,,,,,
190,Wake Up,359.6,253.2,186.48,337.92,169.68,348.84,271.44,349.48,219.28,229.76,275.92,174.6,386.44,184.6,187.36,301.84,264.08,397.36,321,272.08,,,,,,,,,,,,,,,,,,,
191,Will,229.44,272.6,269.2,316.52,388.8,204.12,289.56,255.32,277.68,289.68,237.52,383.68,235.44,254.52,169.24,222,296.28,358.44,379.04,330.04,,,,,,,,,,,,,,,,,,,
192,Mr. Motor,248.16,199,200.64,301.52,210.68,378.88,368.4,209.68,306.64,247,209.72,321.76,268.76,211.96,171.72,197.28,174.08,347.44,239.04,237.36,,,,,,,,,,,,,,,,,,,
193,Great Love,371.44,328.96,310,178.72,177.24,292.96,338.28,374.12,216.76,294.32,325.08,220.4,182.32,172.16,384.88,177.4,335.92,341,231.28,231.2,,,,,,,,,,,,,,,,,,,
194,Fake Car King,269.44,374.48,292.44,353.6,191.8,206.92,394,349.08,255.52,303.52,346,271.56,193.64,197.08,399.68,323.72,268.68,265.88,386.88,317.68,,,,,,,,,,,,,,,,,,,
195,Super Me,367.4,188.72,185.36,234.84,184.56,311.72,277.36,180.32,240,184.32,265.72,173.44,240.2,234.96,314.44,343.64,270.28,229.24,198.92,310.12,,,,,,,,,,,,,,,,,,,
196,Our Song,384.36,259,328.44,258.32,225.44,355.64,245.48,180.04,335.48,229.16,232.96,339.96,314.48,204.56,396,195.96,255.96,279.04,257.48,323.28,,,,,,,,,,,,,,,,,,,
197,The Adventure of Kara and Mayi,189.84,243.16,343.12,231.72,399.24,375.84,306.28,271.4,349.24,247.8,255.4,398.76,223.72,168.52,373.04,316.52,336.44,204.92,380.64,246.64,,,,,,,,,,,,,,,,,,,
198,Cyber Heist,316.72,353.76,184.56,350.88,232.04,384.76,308.24,187.24,356.44,219.88,383.44,198.48,375.04,216.52,220.24,262.68,224,265.04,335.08,347.2,,,,,,,,,,,,,,,,,,,
199,The First Slam Dunk,178.52,302.2,275.04,356.56,249.48,172,330.52,312.56,260.12,247.52,350.36,339.36,334.12,357.24,379,399.12,319.92,366.04,180.32,192.8,,,,,,,,,,,,,,,,,,,
200,Guardians of the Galaxy Vol. 3,308.6,319.48,381.44,196.32,232.48,314.96,356.96,184.28,296,181.84,192,258.92,326.56,222.24,327.64,395.8,288.44,396.04,303.88,200.6,,,,,,,,,,,,,,,,,,,
201,Oak Tree Restaurant,293.36,173.36,390.56,398,194.92,274.48,215.24,373.84,201.6,377.16,348.64,382.36,386.36,358.48,297.48,346.44,275.2,188.24,341.96,189.68,,,,,,,,,,,,,,,,,,,
202,Our years,265.84,226.88,395.52,311.36,194.8,186.52,201.6,239.84,287.56,264.04,270.12,385.8,354.6,288.4,260.48,385.96,297.8,268.68,355.52,186.36,,,,,,,,,,,,,,,,,,,
203,Gulf Encounter,199.6,217.08,382.24,289.8,373.32,249.04,187.4,213.76,266.72,205.52,269.08,282.2,210.56,172.08,186.6,362.92,245.76,263.68,209.44,395.08,,,,,,,,,,,,,,,,,,,
204,Sadness that cannot shed tears,326.68,181.44,248.24,211.64,283.44,245.64,372.32,224.44,265.12,359.76,331.84,292.64,252.28,242.24,324.4,392.48,239.08,311.2,381.32,314.44,,,,,,,,,,,,,,,,,,,
205,Wu Yi Night Tour,262,288.68,238.96,344.52,364.24,371.28,209.16,296.2,180.12,343.28,206.4,365.52,391.32,242.88,200.72,315.44,222.8,367.64,249.84,208.96,,,,,,,,,,,,,,,,,,,
206,The place of origin is the way back,283.16,391.8,242.68,387.52,350.8,343.08,321.84,342.92,374.48,175.56,344.52,220.8,311.28,296.68,306.72,378.8,326.6,275.56,232.68,333.28,,,,,,,,,,,,,,,,,,,
207,Xiaochu,366,259.52,364.28,215.28,226.44,332.56,332.88,230.12,238.96,381.64,228.72,247.44,177.84,279.32,176.68,386.44,200.68,182.16,362.96,236.48,,,,,,,,,,,,,,,,,,,
208,Dunhuang Daughter,193.32,388,196.52,286.52,291.12,317.68,223.24,222.92,279.76,393.28,298.36,357.88,316.28,208.16,261.64,283.36,298.44,332.04,216.04,273,,,,,,,,,,,,,,,,,,,
209,Meet at Luanfeng Bridge,330.84,260.4,200.6,212.04,180,202.68,394.84,231.8,318.08,232.52,394.28,305.56,312.96,309.24,296.88,181.68,285.6,306.44,226.32,362.76,,,,,,,,,,,,,,,,,,,
210,Can you please don't leave me,324.84,197.04,250.48,340.12,212.4,296.28,348.68,359.12,206.08,331.04,200,260.4,226.64,347.36,333.68,335.04,229.08,372.8,387.28,169.48,,,,,,,,,,,,,,,,,,,
211,When the wind rises again,341.68,237.56,232.44,189.48,343.72,202.88,329,184.08,182.56,263.76,293.6,172.68,335.56,169.44,207.16,272.2,337.16,200.2,348.16,306.6,,,,,,,,,,,,,,,,,,,
212,Hyperspace Adventure,340.44,367.88,231.52,364.28,373.76,217.96,186.28,286.72,332.68,299.08,187.12,332.48,347.32,364.96,195,365.48,231.48,254.52,228.84,204.24,,,,,,,,,,,,,,,,,,,
213,The Flower Girl,385,333.84,204.76,310.72,334.32,268.44,236.2,276.16,216.12,217.12,243.92,247.12,373.56,366.4,384.96,232.52,221.72,390.8,356.48,391.72,,,,,,,,,,,,,,,,,,,
214,I want to go far away,347.12,399.2,367.92,367.52,221.6,383.6,311.76,223.04,242.4,352.48,281.96,234.12,297.56,218.88,185.2,342.6,194.64,369.32,395.8,269.92,,,,,,,,,,,,,,,,,,,
215,Alibaba 2 Solomon Seal,391.68,340.2,369.64,302.64,359.36,269.76,350.96,380.8,251.88,354,189.84,181.2,348.72,256.56,268.4,300.28,301.64,348.52,181.24,369.04,,,,,,,,,,,,,,,,,,,
216,Jurassic World: Dominion,258.8,390.92,279.36,190.12,183.24,381.28,309.48,309.52,234,256.88,323.8,377.72,218.92,372.28,250.84,302.64,222.32,369.6,370.08,343.8,,,,,,,,,,,,,,,,,,,
217,The Battle of the Sea,250.52,182.48,194.88,290.08,222.28,220.76,359.56,302.4,275.76,186.24,381,386.16,381.04,291.96,389.76,198.04,331.6,240.72,380.28,169.24,,,,,,,,,,,,,,,,,,,
218,The Magic of the Wonderful Kingdom,369.6,199.88,386.08,188.56,307.76,266.56,318,390.92,226.08,186.84,383.8,197.08,241.8,277.12,317.24,235.08,329.92,278.2,232.04,206.88,,,,,,,,,,,,,,,,,,,
219,Paw Patrol: The Movie,317.36,234.56,373.04,289.72,278.2,265.52,292.64,182.4,370.52,182.68,322.6,396.08,270.84,365.88,310.92,205.28,363.4,186.4,321.92,301.76,,,,,,,,,,,,,,,,,,,
220,Happy Superman Hero's Heart,186.2,271.04,354.72,200.2,182.72,226.12,183,368.36,331.6,360.4,373.12,283.56,344.28,212.4,211.2,354.44,223.72,264.56,311.72,215.32,,,,,,,,,,,,,,,,,,,
221,Detective Conan,377.96,250.96,223.2,280.32,175.8,279.68,375.12,249,381.28,266.76,296.6,281,344.4,206,247.68,301.44,252.56,306.6,287.92,333.72,,,,,,,,,,,,,,,,,,,
222,Crazy Dream City,173.6,306.64,296.84,238.64,288.28,386.12,231.76,368.96,205.56,361.52,289.6,252.4,327.88,330.88,199.2,320.08,361.68,209.76,323.8,328.24,,,,,,,,,,,,,,,,,,,
223,The Dragon Subduing and Descending of Ji Gong,178.56,175.84,395.72,181.36,207.68,273.56,294.12,268.92,237.52,234.52,333.12,247.4,383.84,289.6,211.16,179.36,397.36,232.64,283.44,236.16,,,,,,,,,,,,,,,,,,,
224,Alibaba and the Divine Lamp,265.44,280.08,185.16,269.88,207.16,169.68,389.08,332.52,325.64,367.84,239.52,172.24,340.52,363.44,397.72,291.2,176.84,169.68,394.56,169,,,,,,,,,,,,,,,,,,,
225,Growing up with you all over the world,253.76,355.04,212.08,275.6,296.32,283.12,241.2,196.96,259.88,223.76,216.96,359.96,218.48,262.96,381.84,237.48,215.84,265.48,371.2,379.4,,,,,,,,,,,,,,,,,,,
226,Extreme Sports in the Frog Kingdom,363.52,212.08,206.48,295.92,324.88,308.48,288.28,368.32,334.24,332.08,397,262.12,377.8,384.08,199.32,303.92,276.8,294.76,206.44,230.84,,,,,,,,,,,,,,,,,,,
227,My heart is uplifting,271.84,218.88,358,220.8,392.04,186.32,277.28,343.8,175.76,272.2,259,356.64,306.76,288.96,348.2,203.28,180.48,330.72,231.96,254.28,,,,,,,,,,,,,,,,,,,
228,I come from New York,281.56,366.88,234.28,250.2,319.92,254.84,357.4,329.44,316.4,297.84,231.16,260.92,208.64,230,205.96,207.64,256.6,391.48,281.84,340.76,,,,,,,,,,,,,,,,,,,
229,Yalu River,354.4,392.48,196.88,226.32,394.84,391.12,305.12,277.08,310.68,336.84,215.68,293.2,361.88,293.76,254.56,230.96,269.2,325.12,172.68,224.6,,,,,,,,,,,,,,,,,,,
230,Wind Language Curse,217.36,245.84,362.92,388.52,336.48,239.44,313.16,241.16,212.64,188.2,384.36,351.28,228.32,183.92,238.72,397.84,327.24,292.72,267.12,232.48,,,,,,,,,,,,,,,,,,,
231,Red light,383.96,343.32,386.08,351.44,315.12,380.48,216.96,333.24,200.72,235.52,337.32,306.2,324.36,335.56,394.28,258.92,262.08,188.84,253.4,204.4,,,,,,,,,,,,,,,,,,,
232,Sonic the Hedgehog ,232.48,321.24,287.44,323.84,303.08,365.72,187.24,289.4,307.56,291.56,399.92,342.64,173.04,229.64,274.12,384.8,249.04,372.48,298.52,257.84,,,,,,,,,,,,,,,,,,,
233,Wasteland,399.36,306.2,221.8,288.72,305.16,363.84,398.44,177.32,260.88,390.76,353.64,376.8,374.28,380.72,396.24,214.36,322.04,300.48,189.8,281.56,,,,,,,,,,,,,,,,,,,
234,The Chinese Pilot,289.28,384.2,293.88,309.08,323.72,364.96,232.28,357.32,259.12,322.84,343.88,351.56,275.2,263.76,232.88,190.72,383.28,396.96,382.44,386.24,,,,,,,,,,,,,,,,,,,
235,Troll: The Tale of a Tail,384.92,179.52,262.76,208.68,376.16,288.2,215.4,314,232.36,255.88,223.64,270.2,184.8,335.92,360.16,355.24,251.12,343.28,191.52,294.84,,,,,,,,,,,,,,,,,,,
236,Steel Will,343.96,382.64,170.32,362.8,369.24,323.12,185.96,399,357.12,374.44,188.84,392.6,220.56,273.88,198.56,172.28,284.52,173.48,212.6,206.72,,,,,,,,,,,,,,,,,,,
237,John Wick: Chapter 4,6374.5,5634.5,4653.5,3874.6,2002.7,1893.5,1903.4,1763.5,1673.5,1473.5,1374.5,1284.5,1183.5,1094.3,987.5,873.5,964.3,835.4,858,1211.25,,,,,,,,,,,,,,,,,,,
238,The Wild Creature,451.1333333,591.4666667,542.3333333,381.5333333,622.9333333,380,645.4,287.8,633.7333333,589.6,630.7333333,366.4,549.8666667,327.8666667,510.4666667,238.1333333,255,344.8,541.4666667,307.1333333,,,,,,,,,,,,,,,,,,,
239,"Run, Tiger Run!",572.6666667,476.5333333,482.6666667,639.2666667,412.6666667,300.7333333,478.8666667,529.2666667,651.2666667,271.8666667,632.2,310.6666667,338.1333333,453.2666667,460.4,359.6,290.8,548.2666667,561.5333333,536.4,,,,,,,,,,,,,,,,,,,
240,Mao Zedong in Caixi,607.8666667,267.6,438,311.3333333,454.8,600.4666667,255.0666667,264.5333333,324.1333333,519.8,379.0666667,457,562.1333333,533.1333333,310.8666667,327.8666667,243.4,591,472.9333333,611.4,,,,,,,,,,,,,,,,,,,
241,Frozen II ,340.5333333,334.5333333,573.9333333,550.3333333,450.0666667,663,607.8,604.9333333,596.9333333,317.5333333,297.6666667,579.7333333,342.5333333,577.1333333,264.4,245.1333333,445,356.6,665.2666667,412.8666667,,,,,,,,,,,,,,,,,,,
242,Beautiful Life,330.7333333,306.6,412.5333333,655.1333333,384.6,636.7333333,445.7333333,311.8,664.0666667,261.7333333,607.8666667,514.9333333,632.2,547.0666667,383.4,593.9333333,622,579.6666667,349.5333333,285,,,,,,,,,,,,,,,,,,,
243,Love of Populus Euphratica,547.1333333,463.6666667,581.9333333,274.8,269.4666667,574.7333333,452.8,379.8666667,451.1333333,323.8,494.2666667,626.4,434.4666667,537.3333333,305.2666667,460.0666667,461.6666667,428.8666667,465.4666667,411.5333333,,,,,,,,,,,,,,,,,,,
244,I Am What I Am,266,576.0666667,334.0666667,286.6666667,349.9333333,453.2,456.2666667,576.3333333,638.0666667,294.4666667,391.6,606.4666667,277.8666667,439.5333333,655,621.7333333,456.8666667,390.0666667,339.2666667,379.0666667,,,,,,,,,,,,,,,,,,,
245,Tetris,632.4,373.2666667,390.7333333,282.3333333,468.6666667,501.9333333,406.7333333,559.2666667,395.4,379.7333333,273.1333333,463.4,604.7333333,560.7333333,355.5333333,623.3333333,298.4,659.5333333,282.2666667,379.4666667,,,,,,,,,,,,,,,,,,,
246,Lees Adventures,289.8666667,629.4666667,622.9333333,399.2666667,460.5333333,274.2,340.5333333,315.2,563.3333333,511.5333333,275.3333333,356.0666667,335.2,500.6,525.0666667,588.0666667,511.3333333,660.9333333,505.8666667,645,,,,,,,,,,,,,,,,,,,
247,Galaxy Baby,563.6,403.2666667,306.8,663,602.5333333,317.7333333,236,250.0666667,522.2666667,535.5333333,560.6,495.6,374.6666667,238.2,292.2666667,598,301.2666667,580.4,406.6,419.1333333,,,,,,,,,,,,,,,,,,,
248,Monkey King: Hero is Back ,547.2,566.8666667,281.8,441,335.8,623.9333333,657.8666667,655.4,447.4,404.8,317.8666667,486,641.8666667,588.2666667,301.0666667,485.2,291.4,612.0666667,235.3333333,328.0666667,,,,,,,,,,,,,,,,,,,
249,Sheep and Wolves,522,454.0666667,272.7333333,446.2666667,584.7333333,252.8666667,487.7333333,434,597.8666667,431.5333333,557.2666667,394.6,287.2,443.8,391.0666667,614.0666667,553.4666667,601.9333333,498.6,547.4666667,,,,,,,,,,,,,,,,,,,
250,Son of the Dragon God,101,280.5555556,90.88888889,331.2222222,88.88888889,92.55555556,193.2222222,160.4444444,99,72.33333333,147.2222222,262.5555556,132,214.7777778,221.3333333,120.5555556,206,247.6666667,146,288.8888889,,,,,,,,,,,,,,,,,,,
251,Ride On,2367.3,3299.6,2375.4,911.3,868.7,825.6,764.1,966.2,1780,1420.8,522.1,502.4,477.6,387.9,563,870,583.8,386.4,343.8,317.8,,,,,,,,,,,,,,,,,,,
252,The Super Mario Bros,422,293,489,657,304,347,323.6,622,202.5,196.2,239.4,201.1,189.3,374,374.6,738,560,216,234,253,,,,,,,,,,,,,,,,,,,
253, Detective Conan: The Phantom of Baker Street,797.8,640,672.44,562.4,553.5,402.9,536.4,478.4,562.3,387.4,409.4,367.5,356.4,325,287.4,256.4,253.4,219.4,187.4,123,,,,,,,,,,,,,,,,,,,
254, Faces in the Crowd,742.3,672,573.5,485.4,872.4,783.4,823.5,564.5,588.4,465.4,387.5,367.4,354.5,310.3,283.3,263.5,234.5,187.4,172.4,156.4,,,,,,,,,,,,,,,,,,,
255,Godspeed,904,803,794.5,697.5,534.6,675.5,449.2,323.9,312.3,298.4,256.4,273.4,238.4,201.3,198.4,178.3,165.3,149.5,137.5,129.4,,,,,,,,,,,,,,,,,,,
256,Wandering Earth,20196.36,25875.8,34043,38465.28,41708.21,41735.79,34131.77,25849.34,21566.69,35264.42,18184.22,23319.89,19225.05,9980.31,11245.4,6554.49,5443.8,6084.75,9832.9,7502.38,,,,,,,,,,,,,,,,,,,
257,I am not a medicine god,22515.13,24132.3,38569.72,38595.22,20707.18,17656.95,14771.32,13143.97,12504.72,18179.29,16137.02,7551.61,6427.84,5887.28,5153.64,4776.92,6963.58,6672.61,3097.92,2780.13,,,,,,,,,,,,,,,,,,,
258,Warwolf 2,10215.22,21471.67,31262,36713.43,27310.1,29283.66,27924,22834.16,26616.39,40572.75,42647.3,24324.65,22885.98,19651.81,16467.91,15080.46,21748.11,20158.13,9978.98,8654.02,,,,,,,,,,,,,,,,,,,
259,Chinatown Detective 2,34078.29,32625.18,32344.12,31859.73,30230.4,29906.01,23585.38,18415.66,17042.15,15299.39,8612.56,7097.81,6218.37,5558.24,7140.11,7951.82,5793.56,2414.17,2111.21,1921.96,,,,,,,,,,,,,,,,,,,
260,The King of New Comedy,27289.1,10774.79,6639.86,3776.6,2786.32,2148.18,1590.81,1107.62,971.07,819.52,573.03,680.2,637.53,454.46,520.28,374.57,340.41,102.94,144.03,128.19,,,,,,,,,,,,,,,,,,,
261,The Green Mile,3509.6,5368.4,3201.4,1029.5,1105.2,1023.1,1017.7,2470.5,3904.2,2668.5,1180.4,1320.9,1138.9,1476.6,1029.3,2450.4,3210.6,3138.5,2208.5,1480.5,1367.4,1287.5,1203.4,1127.7,1023.4,1009.5,998,890.5,887.4,790.4,675.4,630.4,589.5,540.5,489.5,428.4,398.4,356.4,340.3
262,The Battle At Lake Changjin II,18803.4,19834.5,23734.5,25984.5,27092.4,28735.8,30299.5,31028.4,32834.5,28734,26378.4,23563.4,20093.4,15626.4,13423.4,9287.4,8374.5,7635.5,6736.5,5847.5,4983.5,4536.3,3984.5,3847.5,3764.5,3654.5,3564.5,3456.3,3398.4,3293.4,3190.3,2983.4,2837.4,2763.4,2753.4,2699.5,2563.4,1972.3,1283.4
263,The Witches,982.4,837.4,739.4,837.4,736.4,647.5,598.5,564.5,487.4,398.5,510.4,387.5,298.4,256.4,198.3,99.3,87.4,76.4,70.3,68.3,59.5,45.5,40.5,38.4,36.4,34.1,28.3,24.5,20.3,19.3,18.3,17.3,10.3,9.3,7.3,6.9,5.7,4.9,6.3
264,Avatar: The Way of Water,37109.4,30982.3,26394.5,14280.5,13203.5,13385.7,14029.3,13476.5,21009.5,22830.4,17829.3,22198.5,21029.3,7492.9,5287.4,4872.3,7902.4,13678.9,9273.4,4263.4,3874.5,2983.4,2573.4,1982.3,1687.4,1599.4,1467.5,1398.5,989.3,876.4,765.4,687.4,599.4,476.5,397.4,364.5,298.4,456.5,367.5
265,Home,10293.4,14873.4,10029.3,2578.4,3382.4,2430.6,3209.3,7809.4,6573.4,4309.3,3209.3,3198.3,2463.4,2388.5,3894.5,5699.3,3864.5,2898.4,1982.3,1672.3,1562.3,1349.5,1287.4,1192.4,873.4,763.4,564.5,674.5,550.4,399.5,267.4,256.4,176.3,156.4,109.4,97.4,120.5,76.3,87.4
